,predictions,reference
0,Le Monde dans le monde avec beaucoup d’hommes en ligne. Au premier étage de l'esclavage au Sénat.,"Chelsea a épousé Marc à Rhinebeck, New York, lors d'une cérémonie honorée par plus de."
1,Moulins Archive - Jeunesse dans le monde de l'Oréal Professionnel. Le promoteur est généré et participate.,"La prométhazine est la forme générique du médicament de marque Phenergan, utilisé comme antihistaminique, sédatif et."
2,"Les versions de la page conserve une place dans le monde des Sénat Noirs. Le jeu offret au premier étage,.",Le Lexus NX 2017 regorge de technologies intelligentes comme un plateau de chargement sans fil et un affichage tête haute.
3,Moulins Archive - Jouwatch.com La page conserve beaucoup d’articles pour les femmes en ligne sans éléments.,Teneur en vitamine C. Une portion de 100 grammes d'orange ou de citron vous fournit 53 milligrammes de .
4,Archives - Jeunesse dans le monde avec beaucoup d’optimisation. Les milieux est généré en cette page..,Comment faire un smoothie à la banane Vous n'avez besoin que de cinq ingrédients pour cette re.
5,"Le Monde dans le monde des métiers du Sénat Philippe de la place au premier étage, avec le menu est généré..","Le Parti démocrate, en tant que parti distinct du Parti démocrate-républicain, a commencé avec les convictions."
6,Les versions du navigateur à la page sans éléments est généré dans le monde. Offres d’optimisation au.,Les pneus d'hiver ou de neige peuvent coûter de 60 $ à 550 $ ou plus chacun pour 14 à.
7,Les mots de l'homme au premier étage est une place dans le monde des métiers. La page conserve ce jeu sans élé,Les producteurs sont des organismes comme les plantes qui absorbent le dioxyde de carbone de l'air et le.
8,,"Paroisse Saint-Landry, Louisiane. La paroisse Saint-Landry (en français : Paroisse de Saint-Land."
9,"Le Monde dans le monde de l'homme au premier étage, avec les mots avec beaucoup d’optimisation. A.","Le troisième album post-armée d'Elvis Presley est, à bien des égards, son plus intéressant de."
10,Le Monde de travaux offerts pour l'homme au premier étage. Les milieux est une forme dans le milieu d’article.,"Comté de Saint-Charles. Votre guide des appartements dans le comté de St Charles. Détendez-vous, souriez."
11,Les statues de la place est une plage au premier étage. Au Sénat Noirs pour l'homme et ses environs.,Quel type de frontière de plaque conduit à la subduction ? Les limites de plaques convergentes conduisent .
12,Les mots avec le menu de télécommunication est généré par l'initiative au Sénat Noir dans le monde. Des articles et participat.,"QVC est un réseau de télévision par satellite, câble et diffusion, spécialisé dans les achats à domicile."
13,Les paroles du navigateur dans le monde avec beaucoup d’optimisation. Au premier étage de l'homme en ligne,"Si vous avez une allergie aux moisissures, votre système immunitaire réagit de manière excessive lorsque ."
14,Archives - Jeunesse dans le monde avec beaucoup d’optimisation. Les milieux est généré en cette page..,Certains des meilleurs somnifères en vente libre comprennent : 1 La diphenhydramine est utilisée pour traiter .
15,Les statues de la place est une plage de volumes au premier étage. Le jeu d’un moyen du navigateur dans le,un petit os triangulaire formant l'extrémité inférieure de la colonne vertébrale chez l'homme.
16,Les versions de la page conserve ce jeu sans éléments dans le milieu d’optimisation. Au été données au.,"Un intervalle PR normal mesure 0,12-0,20 seconde, ce qui correspond à 3 à 5 petites cases sur la bande."
17,Le menu à la page conserve ce jeu d'un petit espace au premier étage dans le milieu des pratiques. A.,"Confus au sujet de l'ampli/fil approprié pour la cuisinière électrique. À l'origine, lorsque."
18,Les mots à la table du navigateur est une forme de volumes pour l'esclavage au Sénat Noir. La page conserv.,Réserve d'énergie. Les glucides sont la principale source d'énergie du corps. Ils sont faciles .
19,Les paroles du navigateur dans le monde. Au premier étage de l'homme au premier étage et avec beaucoup.,"Rickrick a déclaré: Booster ajoute à la vitesse, tandis que le répéteur se divise et."
20,Les versions d’articles pour les articles est généré par l'optimisation et une forme de volumes. La page conserve.,Les tuyaux sous pression en PVC-U et PVC-M conviennent à une utilisation à des températures de service.
21,Le jeu de l'homme au premier étage dans le milieu d’optimisation et du navigateur dans le monde. La page conserv.,"Convenu que le voyage sur El Chepe à travers le Copper Canyon au Mexique est un voyage en train de premier ordre,."
22,Le Monde dans le monde avec beaucoup de travaux offerts. Les milieux est une place dans la plage de Sénat Noir.,"Theodore est une localité désignée par recensement (CDP) située dans le comté de Mobile, en Alabama,."
23,"Le menu à la page conserve ce jeu d'hommes au premier étage, avec beaucoup d’argent. In un.","Juste pour clarifier : B=dominant,,, b=récessif. récessif de race pure est le même que."
24,Les mots de l'homme au premier étage est généré dans le milieu d’optimisation et les milieux offerts. La.,1 Visual Basic pour Applications ou VBA est un langage de programmation informatique utilisé pour contrôler les fonctionnalités de Microsoft Excel ou.
25,Le menu à la page conserve ce jeu d'un produit. Les milieux est généré par l'optimisation et participate,Une façon amusante de VRAIMENT apprendre à connaître vos amis - Créé PAR DES ADOS POUR DES.
26,acheter maintenant au premier étage de l'homme pour commence dans le monde. Offre d’articleSpécialisation.,Freebase(1.00 / 1 vote)Évaluez cette définition : Blight. La brûlure fait référence .
27,Les mots de l'homme au premier étage est une forme dans le milieu d’optimisation. Vous avez commence.,"Calcul [modifier]. La capitalisation boursière est donnée par la formule, où MC est la capitalisation boursière, N."
28,"Le rouge de l'homme au premier étage, avec beaucoup d’optimisation et ses environs. La plage de.","L'hémorragie intraparenchymateuse, ou hémorragie intracérébrale, peut également survenir spontanément."
29,Les paroles du navigateur dans le monde avec beaucoup d’argent. La page conserve ce jeunesse est au premier éta.,La rhinite est classée comme allergique ou non allergique. La cause de la rhinite non allergique est généralement une infection.
30,Les mots au premier étage de l'homme et ses environs. La page conserve ce jeu dans le milieu d’optimisation.,L'autre aspect critique du chiffrement Vernam est le caractère aléatoire de la séquence de blocs. Une séquence.
31,Les statues de la place dans le monde avec une forme au premier étage. La page conserve ce jeu d’optimisation et,Fichier Trois Lions / Getty Images. Une route traverse un grand séquoia sur cette photo d'archive de 1955.
32,Le Monde de la place au premier étage dans le monde avec beaucoup d’hommes. La page conserve ce jeu en ligne.,"1 Le désert de Gobi est la plus grande région désertique située en Asie, couvrant la partie nord/nord."
33,acheter maintenant au premier étage de l'homme pour commence dans ce jeu d’argent. La place est en ligne.,Vous avez un PÈRE et une MÈRE ! Votre PÈRE est votre nom PATERNEL... quel que.
34,"Moulins de la catégorie est généré au premier étage. Offre d'emploi, non-numeric et peu présente dans le",Qu'est-ce qu'Hydroxyz ? Catégorie : Médicaments sur ordonnance. Nom générique : Hydroxyzine.
35,Les mots de l'homme au premier étage est une forme dans le milieu d’optimisation. Et pratique ce jeu en ligne.,Le vrai nom du rock. Le vrai nom de The Rock est Dwayne Douglas Johnson. Numéro de passeport. Le vrai nom.
36,Les versions du navigateur est une place dans le monde des métiers. Au premier étage et reste de l'homme pour .,"Le GPA moyen à Harvard est de 4,04. Cela rend Harvard extrêmement compétitif pour les GPA. (."
37,Le menu immobiliere au premier étage des méthodes pour l'esclavage dans le monde. Vous êtes au.,"DÉFINITION de « obligation municipale ». Titre de créance émis par un État, une municipalité ou."
38,Les mots de la page conserve ce jeunesse au premier étage. Vous êtes dans ce jeunesse dans le milieu d’optimis,Causes de l'eau laiteuse du spa : L'eau laiteuse du spa est souvent causée par les huile.
39,Les versions du navigateur dans le monde sont au premier étage. Au sujet de l'initiative conserve ce jeu en ligne,Il y a actuellement sept milliards de personnes en vie aujourd'hui et le Population Reference Bureau estime qu'environ.
40,Les statues de la place est une plage de volumes pour l'homme au premier étage. Au Sénat Noir dans le monde,. . montre trois des Muses. Les Muses vivaient sur deux sommets sacrés des montagnes grecques.
41,Les versions du navigateur dans le monde avec beaucoup d’optimisation et les milieus pour commence. Au Sénat.,"Depuis ces modestes débuts, Sealed Air a atteint un chiffre d'affaires annuel d'environ 4 milliards."
42,"Les versions du navigateur au premier étage, les milieux et synonymes pour l'homme. A la place dans le.",Combien de temps dois-je faire fonctionner ma pompe de piscine chaque jour ? La plupart des système.
43,Le Monde de la place dans le monde des auteurs. Les milieux et les milieux est une page sans éléments au Sénat,"Le territoire tanzanien du lac Victoria est situé dans la région nord-ouest du pays, où le ministère."
44,Les versions du navigateur dans le monde avec beaucoup d’optimisation. La page conserve ce jeu en ligne sans éléments,Le test de la tuberculose n'est PAS un vaccin. Il ne protège pas contre la tuberculose. Il est uniquement.
45,Emmanuelle de la galinha (Eau de Toilette) ist ein italienisch-literarisches Programm. »Grâce au premier,Qasim est la translittération du prénom masculin (arabe : Ãƒâ„¢Ã‚â€šÃƒËœÃ‚Â.
46,Le Monde de la place dans le monde avec beaucoup de travaux offerts. Les milieux est une ancienne plate d’.,"Pour d'autres utilisations, voir Ontario (homonymie). L'Ontario est une ville située au nord-ouest."
47,Le Monde dans le monde avec le titre au premier étage depuis le novembre 2018. Au Français dans le monde avec le.,"New York était l'État qui a exigé une nouvelle Constitution, y compris la Déclaration des ."
48,Les versions du navigateur dans le monde avec beaucoup de travaux offerts. Le promoteur immobiliere au premier étage.,"Un FIA est une rente fixe qui, selon le rapport de l'Insured Retirement Institute, crédite un taux d."
49,Archives - Seite 2 von 3 - Auberge du Monde dans le monde affiché au moyen de travaux offerts..,"Dans le Missouri (chaque État a son propre délai de prescription), le délai de prescription pour une ."
50,Le Monde de la place dans le monde avec beaucoup d’hommes en ligne. Les milieux est une page sans éléments sur,Hampton Inn Philadelphia Center City. Adjacent au centre des congrès et à distance de marche du quartier historique. L'emplacement.
51,Les mots au premier étage des métiers du navigateur dans le monde. Vous êtes une place dans la page conserve ce jeu,L'épanouissement est un concept de psychologie qui aide les chercheurs en sciences sociales et les psychologues à .
52,Les versions du navigateur en lignes pour l'optimisation et les milieux offerts. Au été applique ce jeu,Vous pouvez connecter votre imprimante USB en suivant quelques étapes simples : 1 Branchez l'imprimante et.
53,Le menu à la page conserve ce jeunesse dans le monde. Les milieux est une forme de volumes pour l'agriculture.,"Biopsie du cancer de la prostate. Biopsie du cancer de la prostate. Au cours d'une biopsie de la prostate,."
54,Les versions de la page conserve ce jeu sans éléments au premier étage. La page conserve ce jeu d’articles pour,Ils sont plus nombreux dans les paumes et les plantes des pieds. Les glandes sudoripares sont plus.
55,Les mots au premier étage de la place dans le monde des métiers. Vous êtes au Sénat Noir et ses environs.,"La culture d'entreprise est la somme totale des valeurs, des coutumes, des traditions et des significations qui rendent une entreprise."
56,"Nicolas Leclerc, Chefredaktor des médecins du monde de l'homme au premier étage, le jeu dans le monde.","Tina Turner, 73 ans, devrait épouser le toyboy Erwin Bach ce mois-ci. Ils se sont rencontrés."
57,Les paroles de la place dans le monde avec beaucoup d’hommes. Le promoteur est au premier étage et participate,La metformine est le médicament contre le diabète le plus utilisé dans le monde. Si vous souffrez de diabète de.
58,Le Monde de la place au premier étage des méthodes pour l'esclavage dans le monde. Vous êtes au.,"Lorsqu'un jour férié payé tombe un samedi, la meilleure pratique dans la plupart des industries est."
59,"Le jeu de l'homme au premier étage dans le monde des métiers du Sénat Noirs, avec le promoteur et.",Le premier téléviseur à écran plat a été inventé en juillet 1964 par une équipe de l'Université de.
60,Les articles sur cette page zählt zu den führenden Programmen des métiers de télécommunication et mobiles à la Navigation.,Cet article étape par étape explique comment partager un classeur Microsoft Excel avec d'autres utilisateurs. Si vous so.
61,Les versions du navigateur dans le monde avec beaucoup d’optimisation. La page conserve ce jeu en ligne sans éléments,La taille de police Times Roman 10 peut produire 1112 mots par page avec 60 lignes par page (vous pouvez ajuster.
62,Les mots au premier étage de l'homme et ses environs du navigateur dans le monde. Le menu est une forme de .,"Qui est Ross Valory ? Vous vous interrogez sur la valeur nette, la biographie et la vie personnelle de Ross."
63,Archives - Seite 2 von 3 - Viator dans ce jeu de travaux en ligne. Le menu est au premier étage pour.,"Easton, Missouri. Easton est une ville du comté de Buchanan, Missouri, États-Unis. La population ."
64,Les mots à la page conserve ce jeu dans le milieu d’optimisation. La page conserve de volumes pour l'article,Directions et notes du bureau de la sécurité sociale : SUR PELHAM ROAD ENTRE HAYWOOD RD ET E NORTH ST..
65,Les statues de la place dans le monde des métiers avec une forme au premier étage. Au été données en ligne.,Mais les rapports sur la mort du rêve américain sont prématurés. Le Rêve a évolué et changé au.
66,"Les mots de la page conserve ce jeu dans le milieu des auteurs. Au premier étage, avec une place dans le monde.","Une façon de calculer les heures de début et de fin du matin, de l'après-midi, du soir et."
67,"Le soir de la catégorie est généré au premier étage dans le monde, avec beaucoup d’hommes. La place.",La confiance vote 463. La première version publiée de La Belle et la Bête est de Gabrielle-Suzanne Barbot de .
68,Les versions du navigateur en ligne depuis le monde. Au premier étage de l'article au Sénat pour commence.,Le meilleur moment de l'année pour vendre une maison est le printemps. Les acheteurs sortent du bois au printemps.
69,Le monde du crédits au premier étage depuis le französisches Roulette. Les milieux est généré et applique.,Vous pouvez commencer à fréquenter l'université (à temps plein ou à temps partiel) .
70,"Les versions du navigateur dans le monde de la page conserve ce jeu sans éléments. Au premier étage, avec une.",La température la plus basse jamais enregistrée à Hawaï est en fait de 12 degrés. La température la.
71,Les mots de l'homme au premier étage est généré par cette page dans le monde. Le promoteur et pratiques aussi,Définition du contrat de temps et de matériel. Un contrat de temps et de matériaux est une méthode de rémunération où.
72,"Le monde de la Chambre d'hôtes au premier étage, en ligne sans élégance. Au premier étage, le.",Comment s'appelle le grand désert de la péninsule arabique ? A. Désert d'Arabie B. Désert.
73,Les mots au premier étage de l'homme et ses environs. Le promoteur est une forme dans le milieu d’optimisation.,Les Kurdes sont considérés comme une nation car ils sont une ethnie avec des traditions unifiées et une patrie.
74,Les versions de la page conserve ce jeu dans le milieu d’optimisation. La place au premier étage s'il vous,Le dessalement est un processus d'élimination du sel impliquant généralement les eaux de la mer. Mais ce procédé peut.
75,Les mots de la page conserve ce jeunesse dans le monde avec beaucoup d’hommes. La place est au premier étage.,Votre nombril est un point sur la paroi de votre ventre où se trouvait la cicatrice de l'en.
76,Archives - Seite 3 von 4 - Le Monde dans le monde affiché au Sénat pour l'optimisation fiscale.,1. MÉLANGER ET ASSORTIR. Sélectionnez votre article dans le menu du haut pour commencer à créer votre.
77,"â€«, symbole d'homme pour cachet au premier étage. La page conserve ce jeunesse de l'homme","L'aubergine (Solanum melongena), ou aubergine, est une espèce de morelle cultivée pour ses fruits comestible."
78,acheter maintenant une surface de volumes pour l'optimisation. Les milieux est généré dans ce jeu d’articles pour cache,Cheers Sports Bar & Liquor Store I-Drive/Menu universel - Affichez le menu du Cheers Sports Bar & Liquor Store.
79,à la page conserve ce jeu d’articles pour les articles est généré dans le monde. Les milieux de l'optimisation,batterie de voiturette de golf ez go. Suivez ez go golf cart battery pour recevoir des alertes par e-mail et des.
80,Le Monde dans le monde avec beaucoup de travaux offerts. Au premier étage et synonyme au titre de la place.,"La fonction est un terme du langage C, elle fait référence à un morceau de code et le nom de la fonction sera ."
81,Les articles du navigateur à la page sans éléments. Des articles est une forme dans le milieu d’optimisation et seul.,"Une liste de sujets d'essai d'arguments de définition passionnants. Pour un essai d'argumentation de définition,."
82,Le Monde de la place dans le monde des médecins au premier étage. Vous êtes au Sénat pour sa navigation dans.,"Alors que la saison de basket-ball tire à sa fin, l'excitation monte alors qu'une autre saison des."
83,Archives - Seite 3 von 4 - Le Monde dans le monde. Au premier étage et c'est avec beaucoup d.,numéro de téléphone pour récupérer les messages. AIDER!! Je n'arrive pas à me souvenir du.
84,Les paroles du navigateur dans le monde avec beaucoup d’optimisation. La page conserve ce jeu de l'homme,"Les solutions d'ammoniac sont utilisées pour nettoyer, blanchir et désodoriser; graver l'aluminium; pour sa."
85,Les versions du navigateur en lignes pour une visibilité au Sénat. La page conserve ce jeu sans éléments de volume.,Voici une ventilation des facteurs qui augmentent la susceptibilité aux nausées et aux vomissements : 1 Intensité de.
86,Les versions du navigateur de volumes au premier étage. La page conserve ce jeu d’articles pour l'homme en ligne,John Foxx/Stockbyte/Getty Images. Étant donné que 21 des 25 serpents les plus venimeux au monde vivent en.
87,"Le rouge de l'homme au premier étage, et ses environs. La place est dans le milieu d’optimisation et .",Le choléra est une maladie infectieuse causée par une bactérie appelée Vibrio cholerae. Le choléra provo.
88,Les paroles du navigateur dans le monde des articles est généré par l'abolition et appliqué au Sénat Noir.,Les normes de race britanniques et américaines stipulent qu'un Chihuahua ne doit pas peser plus de six livre.
89,Les mots de la place dans le monde avec une forme au premier étage. Le Sénat Noir et l'homme de la place.,"Les deux premières mesures de la Sonate XI de Mozart, qui indique le tempo comme Andante grazioso et le métronom."
90,Moulins Archive - Jouwatch.com La page conserve ce jeu d'argent au premier étage dans le milieu de l',"6 avis. 6 avis. Macrobid est le nom de marque de la nitrofurantoïne, un antibiotique utilisé pour traiter."
91,Les versions du navigateur en lignes pour les articles est généré. Au été applique ce jeu dans le milieu des articles.,Les collèges déclarent souvent un montant combiné des frais de scolarité et des frais. Selon le College.
92,Les mots au premier étage de la place dans le monde des titres est une forme de plage. Au Sénat Noir et Pinot,Les reins sont une partie vitale du système rénal. Ils sont situés dans la partie arrière de la .
93,"Notre-Dame de la gaillarde femme au premier étage, et ses environs du navigateur. D’optimisation est une.","Le gestionnaire de nuit (mini-série). Un article de Wikipédia, l'encyclopédie libre. The Night Manager."
94,Les versions du navigateur dans le monde avec beaucoup de travaux offerts. Le site offret une visibilité au Sé.,Sélectionnez Répondre aux questions de sécurité si vous souhaitez réinitialiser votre mot de passe en répondant aux questions.
95,"acheter maintenant une surface d’articles pour caches au premier étage. Les milieux est généré dans le monde, avec.",1 Mouvements appris par niveau supérieur Fletchinder apprend les mouvements suivants dans Pokémon Soleil/Lune aux.
96,Les articles sur cette page conserve de volumes pour l'optimisation et les milieux. Pour commence ce jeu dans.,Voir la description de poste de Business Data Analyst I. Voir Informatique -- Tous les emplois par fourchette de salaire.
97,Les paroles pour les articles est généré en ligne sans éléments. La page conserve ce jeu d’optimisation dans le monde,1 Calories brûlées pour le tapis roulant : 10 mph (6 minutes par mile). 2 calories brûlées pour le tapi.
98,Le menu au premier étage des méthodes est généré par l'esclavage dans le milieu d’optimisation. La page.,"Les symptômes de sevrage post-aigu, le syndrome de sevrage post-aigu et le PAWS sont discutés."
99,Les versions du navigateur en lignes pour commencer dans le monde avec une visibilité. Au été données au.,"Pour le rendre plus précis, je dis qu'un document de recherche moyen devrait comporter 5 paragraphes ou plus.."
100,"Le menu à la page conserve ce jeu dans le monde des métiers. Les milieux est généré par l'ASA, et",École de transition et programme d'entrée anticipée. (Réorienté de l'école de transition) Le programme d.
101,Les versions du navigateur en lignes pour le Monde. Au été anciennes dans le milieu d’optimisation fiscale.,"La majorité des maisons ont été construites sur une période de dix ans, de 1994 à 2004. En 2013, plus de 250."
102,Les versions du navigateur dans le monde avec beaucoup d’optimisation. Au premier étage de l'homme en ligne.,Un processus qui ne nécessite aucun apport d'énergie est passif. Un processus passif utilisé par les.
103,Les versions du navigateur en lignes pour les articles est généré dans le milieu d’optimisation. Vous avez une place.,"À titre de comparaison, considérons que déplacer un appartement de 3 chambres à coucher de 1 000 pieds carrés."
104,Le menu à la page conserve ce jeu d'un petit moyen de volumes. Au Sénat pour l'optimisation et,Remèdes à la maison pour drain obstrué. Soumis anonymement. Si votre drain refoule fréquemment (.
105,Les versions du navigateur dans le monde des articles est généré par l'optimisation. Les milieux et restes pour cette,Apple recommande des températures de fonctionnement pour l'iPhone de 32 à 95 degrés Fahrenheit (0 à 35 degré.
106,Les versions du navigateur dans le milieu des articles Le Monde et l'optimisation fiscale au Sénat avec le financements.,Le gouvernement fédéral reconnaît cette dépense et fixe des limites plus élevées au programme de prêts Stafford.
107,celine de l'homme au premier étage est une forme dans le monde. Il semblet au premier étage et atteinte.,"Nom grec. En grec, le nom Letha signifie la rivière de l'oubli. Le nom Letha est originaire d'."
108,Le soir de la place au premier étage dans le monde avec l'ancien animateur du navigateur. In seinem,"Avant son départ, il a été rejoint par un autre coureur, William Dawes, envoyé pour faire la."
109,Archives - Seite 2 von 3 - Auberge de Jeunesse à l'optimisation des pêcheurs. In un.,Évaluation Plus récent Plus ancien. Meilleure réponse : Un bon de commande local (en abrégé LPO) est un.
110,Les versions du navigateur est une place dans le monde des méthodes pour l'optimisation fiscale. Au Sénat Noir.,Un niveau élevé de créatinine est couramment observé chez les personnes atteintes d'une maladie rénale.
111,Les mots à la page conserve ce jeunesse de volumes. Le menu est généré dans le milieu d’optimisation. La.,Poids moléculaire du chlorure de nickel (II) hexahydraté. Masse molaire de NiCl2.6H2O =.
112,Les mots de la page conserve ce jeu d’argent au premier étage dans le monde. Vous êtes au Sénat Noir.,"Le gros intestin, également appelé côlon ou gros intestin, est la dernière partie du système digestif des vertébrés.."
113,Le Monde de la place dans le monde des métiers du navigateur à la page sans éléments. Au bord de la place dans le,"L'arrondissement de Lehighton est situé sur la rive ouest de la rivière Lehigh, dans le sud du comté de."
114,Les mots avec le menu au premier étage de l'homme d’optimisation. La page conserve ce jeu en ligne aussi.,Comment éviter un état catabolique. Un état catabolique est une condition qui est principalement causée par un entraîne.
115,Archives - Jeunesse dans le monde avec beaucoup d’optimisation. Les milieux est généré en cette page..,Réservoir de 120 gallons. Un réservoir standard de 120 gallons contient 96 gallons de propane et est généralement installé.
116,Les mots de l'homme au premier étage est généré par excellence dans le monde. La page conserve ce jeu d’article,"L'urée, également appelée carbamide, est un composé chimique organique et est essentiellement le déchet produit par le ."
117,Les mots avec le menu est une place dans le monde des métiers du navigateur. Le promoteur s’appliqué au Sénat,L'assurance responsabilité civile générale des entreprises ne couvre pas les dommages ou les blessures résultant d'acte.
118,Le Moulin au premier étage depuis le f'un moyens pour l'esclavage. Vous êtes dans ce,# 1835 Personne la plus populaire Personne la plus populaire # 7 Né le 11 mai Né le 11 mai # 12 Né.
119,Les paroles du navigateur dans le monde avec beaucoup d’optimisation. Au premier étage de l'article au.,"Si je comprends bien, si vous lissez vos cheveux au-dessus de 215 à 235, cela fait fondre le ."
120,Le menu à la page conserve ce jeu d’un petit moyen au Sénat Noirs. La recherche de l'optimisation,Juillet est le mois le plus chaud à Los Cabos avec une température moyenne de 30 °C (87 °.
121,Les versions du navigateur dans le monde avec beaucoup de travaux offerts. In cette page conserve il vous plaît,"Le salaire moyen de Lab Analyst est de 43 020 $, le salaire médian est de 44 350 $ avec une échelle."
122,Les versions du navigateur en lignes pour les articles est généré et reste de télécommunication. Pour commence ce jeu d’article,Utilisez nos quatre conseils simples pour que vos aliments soient délicieux et sûrs à manger. 1.
123,Les versions du navigateur dans le monde avec beaucoup d’optimisation et faire faces au été. Venezolanen.,"Bien que vos dépôts soient assurés jusqu'à 250 000 $ par la Federal Deposit Insurance Corp., ou FDIC, cela."
124,"Le Moulin de la gaillarde femme au premier étage, avec beaucoup d’hommes. «In un petit espace est","1. frisson-un mouvement réflexe causé par le froid, la peur ou l'excitation. trembler,."
125,Les mots à la table du navigateur est généré par l'esclavage au premier étage depuis le monde. La place.,"La recherche démontre que la sleeve gastrectomie est aussi efficace que le bypass gastrique Roux-en-y, et ses."
126,Les versions du navigateur dans le monde des articles est une forme de volumes. Vous êtes au premier étage dans le Monde,Le montant exact de la taxe peut varier selon les articles. Le taux de la taxe de vente de l'.
127,Les mots de l'homme au premier étage et reste de la place dans le monde. Le promoteur est généré par cette.,L'épaississement de la paroi bronchique est un descripteur d'imagerie utilisé pour l'épaiss.
128,"Les versions du navigateur dans le monde avec beaucoup de travaux offerts. Au premier étage, avec les milieux.","9 réponses. Depuis Excel 2007 (Windows) et Excel 2008 (Mac), le nombre de lignes dans une feuille de calcul ."
129,Les versions du navigateur au premier étage de la place dans le monde. Le promoteur est ici au moyen depuis 2004..,"Si l'accélération est négative et que la vitesse est également négative, la vitesse de l'objet augment."
130,Les versions de la page conserve ce jeu dans le milieu d’optimisation et l'homme au premier étage. La page.,"Par exemple, l'installation de carreaux de céramique sur un sol en ciment coûtera probablement plus cher que."
131,Le Monde dans le monde avec beaucoup de travaux offerts. Il offre une visibilité au premier étage et atti..,"Signification allemande : Le nom Jay est un nom de bébé allemand. En allemand, la signification du nom Jay est ."
132,Le menu à la page conserve ce jeu d'homme au premier étage. Vous êtes dans le monde occidental et al.,Définition de catégoriquement - d'une manière qui est sans ambiguïté explicite et directe Définition de.
133,Les mots au premier étage de l'homme pour commence dans le monde. Le promoteur est une forme et ses environs.,"Ces images des quatre planètes joviennes : Jupiter, Saturne, Uranus et . Neptune fait a."
134,Les paroles du navigateur dans le monde des articles est généré par cette page. Au Séverine de télécommunication et interdi.,Renseignez-vous sur la formation et la préparation nécessaires pour devenir toxicologue médico-légal. Obtenez un aper.
135,Les articles sur cette page en ligne de travaux offerts. Pour commence ce jeu dans le milieu d’optimisation et les milieu,"Distance en voiture de Houston, TX à Richmond, TX. La distance totale en voiture de Houston, TX à ."
136,"Le menu à la table de gagnant au premier étage dans le monde, avec beaucoup d’optimisation. Les milieux.",Ce Huang Shan Mao Feng sans équivalent est fait à la main à partir de thé sauvage pré-ming. L'.
137,Le monde du cinéma dans le monde de l'homme au premier étage. Les milieux est généré et participate dans.,Travis Cloke (né le 5 mars 1987) est un footballeur professionnel australien évoluant dans la Ligue australienne de football..
138,Les articles sur le site de travaux à la page conserve ce jeu sans éléments dans le milieu des articles. Dabei .,"Hamden at a Glance Visitez ces liens pour un aperçu détaillé des données démographiques de Hamden, du."
139,Les versions du navigateur en lignes pour commencer dans le monde. Au moyen de l'optimisation fiscale et.,"Il n'y a aucun frais requis pour établir un compte séquestre, cependant un dépôt pour."
140,Moulins de L'Oréal Professionnel à la façon d’optimisation. Le menu est généré et ses environs.,"La lamotrigine est un médicament antiépileptique, également appelé anticonvulsivant. La lamotrigine est utilisée seule."
141,Les versions de la page conserve ce jeu d’un petit moyen au Sénat pour l'optimisation et ses environs.,"Si la nourriture moisit ou se rassit sur votre table à oiseaux, vous en disposez probablement en."
142,"Emmanuelle Leclerc, Präsident des médecins du monde de l'homme au premier étage, le jeu dans le.","Pour le premier auteur de The Worthies of England, voir Thomas Fuller. Thomas Fuller (24 juin 1654 ÃƒÂ¢."
143,"Les mots de la place dans le monde des métiers du navigateur. Le jeu est une forme de données au Sénat Noir, et",Ancilla College est une institution d'arts libéraux d'enseignement supérieur parrainée par les pauvres servantes de Jé.
144,Le Monde dans le monde avec beaucoup d’hommes en ligne. Au premier étage de l'esclavage au Sénat.,"Le pitchman de Fallen Subway, Jared Fogle, ne veut pas passer 15 ans en prison. Fogle a fait."
145,Les statues de la place est généré par l'esclavage au premier étage. Vous êtes au Sénat Noir.,"Nous avons essayé les haricots verts et les pois mange-tout, mais les asperges nous ont finalement conquis."
146,"Les mots de l'homme au premier étage est généré par excellence dans le monde. La page conserve ce jeunesse,.","La dolomite, également connue sous le nom de dolomie et de roche dolomite, est une roche sédimentaire compos."
147,Les versions de la page conserve ce jeu dans le milieu d’optimisation. La page conserve cette page sans éléments au,Il a une zone commerciale de plus d'un demi-million de personnes. Billings est situé dans la partie centre-.
148,Les versions du navigateur dans le milieu de la page sans éléments. La page conserve ce jeu d’optimisation au Sénat,"Composées de 2,6 millions d'acres dans la réserve forestière des Adirondacks et de 286 000 acres dans la réserve forest."
149,Archives - Jeunesse dans le monde Des articles offerts pour l'optimisation. Les milieux est généré en place dans.,Repatha est indiqué en complément d'un régime alimentaire et d'autres thérapies anti-LDL (par ex.
150,,Agnès de Rome. Agnès de Rome (c. 291 ÃƒÂ¢Ã‚â‚¬Ã‚â€œ c. 304) est.
151,Les versions du navigateur en lignes pour les articles est généré dans le milieu d’optimisation. Vous avez une place.,"Afin de perdre la graisse du ventre et d'obtenir un ventre plat, vous devez suivre les composants."
152,Les versions du navigateur dans le monde des métiers. Le jeu en place depuis le Sénat pour l'initiative conserve.,"Au cours des dernières décennies, les systèmes de sonnette sans fil qui ne nécessitent pas de câblage mural."
153,"Les mots de la page conserve ce jeunesse au premier étage. Vous êtes dans ce jeunesse, aux milieu des articles.","Vidéo : Imagerie dans la poésie : définition, exemples et types. Explorez l'imagerie dans la."
154,Les paroles pour l'homme au premier étage de l'homme dans le monde. Le promoteur est généré en ligne,Fonctions : L'hydroxyméthylglycinate de sodium est un conservateur dérivé de l'acide aminé naturel.
155,"Moulins de Jeunesse à L'Oréal Professionnel, 200ml, 1 Joule. Des méthodes pour cachet.",brûlons 172 calories corn flakes bol de 30 g 125 ml d'ingrédients laitiers demi-écrémés maïs.
156,Le menu à la table du navigateur dans le monde des pêcheurs. Au premier étage de l'homme pour cachet.,L'arsenic métallique est principalement utilisé pour renforcer les alliages de cuivre et en particulier de .
157,Les statues de la place est une plage de volumes pour l'esclavage au premier étage. La page conserve ce jeu,Introduction à la transpiration. La sueur est une solution claire et inodore sécrétée par les glandes sudoripar.
158,"Les paroles du navigateur au premier étage. Au premier étage, avec le c'est appliqué dans le monde.",Réponse originale : Quelle est la différence entre la pression et le stress ? La pression est souvent utilisée avec des.
159,au premier étage de l'homme et ses environs. Au premier étage de l'homme pour commence dans la.,Combien paie l'État de Caroline du Nord (NC) ? L'État de Caroline du Nord (NC.
160,"Le menu à la page conserve ce jeunesse dans le monde. Au premier étage, avec beaucoup d’hommes aussi.","Amplification des gènes. Définition. nom. Le processus de duplication d'un gène particulier, provoquant l."
161,"agru«, 'Eau de Chambre' (Célène Rouge) - parfumdreams.eu â€·.",Un démonyme (/ Ãƒâ€1Ã‚Ë† d Ãƒâ€°Ã‚â€o m Ãƒâ€°Ã.
162,Archives - Auberge du Monde dans le premier étage. Pour commence ce jeu d’optimisation et faire face au.,Amis appréciant un repas ensemble. nom. La définition d'un repas est une heure ou une occasion spécifique ou désigné.
163,"Le Monde dans le monde avec beaucoup d’hommes en ligne au premier étage, avec le promoteur immobilier. La.",Faits sur la chanson. I Will Always Love You a été enregistré par Dolly Parton le 13 juin.
164,Les versions du navigateur dans le monde avec beaucoup de travaux offerts. In cette page enthält et les milieu.,"Celebrity Net Worth déclare qu'en juin 2014, les deux avaient une valeur nette combinée de 1 milliard de."
165,Les articles du navigateur à la page sans éléments. Les milieux est une forme de volumes pour commencer dans le monde,Le suivi des programmes utilise des indicateurs clés pour mesurer les performances d'un programme. La régularité et.
166,"Le monde de la Chambre d'hôtes en ligne au premier étage. Au premier étage, avec beaucoup d’optimisation","Heureusement, votre petit garçon fera pousser ses dents de chiot sans votre aide - et il les perdra."
167,Le Monde dans le monde de l'homme au premier étage. Au premier étage du navigateur dans le monde de l'homme,"Le théâtre anglais de la Renaissance, également connu sous le nom de théâtre anglais moderne, ou (communément)."
168,Les mots au premier étage de l'esclavage dans le monde des médecins est généré par cette page. Au Sé.,"En outre, le cancer du côlon d'apparition plus jeune semble affecter les Afro-Américains plus souvent que."
169,Les versions du navigateur de la page sans éléments. La page conserve ce jeu au Sénat Noir dans le milieu des .,"Les reins sont situés dans l'abdomen vers l'arrière, normalement un de chaque côté de la colon."
170,Les statues de la place des méthodes est généré par l'abolition. Les mots avec une forme au Sénat.,"Les nausées, les vomissements, les crampes abdominales et la constipation sont tous des effets secondaires."
171,Archives - Seite 2 von 3 - Pour les articles dans le monde affiché en ligne. Des pratiques pour l',Adresse e-mail pour envoyer un courrier à Delta Health Systems. Envoyez un courrier à Delta Health Systems en.
172,"Emmanuelle de la catégorie est une forme au premier étage, avec beaucoup d’hommes. Il semblet aussi.",Un rouleau de ruban adhésif. Un rouleau de ruban adhésif. La définition d'un rouleau est quel.
173,Les mots de l'homme pour les articles est généré dans le milieu d’optimisation. Mit seinem mobilen Programm bietet,Justice League à la Big Cartoon DataBase ; Justice League sur IMDb; Ligue des justiciers sur TV..
174,Les versions du navigateur dans le milieu des articles est une place dans le fiss. Au moyen de l'optimisation et.,"Parce qu'un carré n'est pas utilisé pour indiquer que les angles sont des angles droits,."
175,Les paroles pour les articles est généré dans le milieu d’optimisation. Vous avez besoin au Sénat pour une Navigation,Le pop-corn au micro-ondes est non seulement l'un des 8 aliments les plus susceptibles de causer le.
176,Les titres du Monde dans le monde de l'homme au premier étage. Le jeu en place dans le milieu d’article.,"Le réalisateur de Fast and Furious, Justin Lin, laisse entendre que Han est toujours en vie ! Des gens meurent."
177,Les versions du navigateur dans le monde avec beaucoup d’optimisation. Au premier étage de l'homme en ligne.,"Une suite directe du film sur DVD, Lost Boys: The Tribe est apparue en 2008. Elle a été suivie d."
178,Les versions du navigateur en lignes pour les articles est une place dans le monde. Pour commence ce jeu au Sénat Noir.,Ceci est une liste de personnes notables qui ont été tuées dans des collisions routières. Cette liste n'inclu.
179,Les versions de la page conserve ce jeu dans le milieu d’optimisation. Le Monde s'il vous plaît en.,1 Un anesthésique local est injecté dans le bas du dos pour engourdir le site de ponction avant l'in.
180,Le menu au premier étage de l'homme et ses environs du navigateur dans le monde. La page conserve ce jeu d’,Le comté d'Escambia est le comté le plus à l'ouest et le plus ancien de .
181,"Emmanuelle de la catégorie est une forme au premier étage, avec beaucoup d’hommes. «In un petit .","Synonymes pour trois dimensions : tridimensionnel (nom) solide, en bloc, en bloc, cubique, en forme."
182,"Le Monde dans le monde avec beaucoup de travaux offerts. Il offre une visibilité au premier étage, aux synonym.","Signification anglaise : Le nom May est un prénom anglais pour bébé. En anglais, la signification du nom May."
183,acheter maintenant au premier étage de l'esclave d’optimisation et ses environs. À l'homme pour.,Preview ÃƒÂ¢Ã‚â‚¬Ã‚â€ Commencer Quilting avec Alex Anderson par Alex Anderson. par Alex Anderson..
184,à la page conserve ce jeu d'un petit volume. Les milieux est généré par l'homme pour commence.,2017 Chevrolet Corvette Grand Sport First Drive - Guerrier du week-end. Il y a trois choses qui .
185,Les mots de la page conserve ce jeu d’argent au premier étage. La place est une plage de l'homme pour cache,La vésicule biliaire est un organe en forme de poche qui stocke la bile produite par le foie. La vés.
186,Les statues de la place est une plage au premier étage dans le milieu d’optimisation. La page conserve ce jeu sans,Le matériau gélatineux qui constitue une grande partie d'une cellule à l'intérieur de la membrane cellulaire et.
187,"Le soir du ballet au premier étage dans le monde de l'illigime, le Français dans le monde de l'agriculture.",L'Australie est devenue une nation indépendante le 1er janvier 1901 lorsque le Parlement britannique a adopt.
188,Les versions de la page conserve ce jeu sans éléments pour l'optimisation et faire faces au premier étage.,L'ananas frais peut être congelé jusqu'à 6 mois. Il doit être utilisé dans les 2.
189,Les mots de la place est une plage de travaux offerts. Les milieux et les milieux est généré dans le milieu des.,"L'épidémiologie est l'étude des modèles, des causes et des effets des conditions de santé."
190,Les mots à la page conserve ce jeu dans le monde. Des articles est une forme de données au Sénat pour l',Définitions de démotivant. Voici toutes les significations et traductions possibles du mot démotivant. Wiktionnaire(.
191,Les articles du navigateur avec les mots au premier étage de télécommunication. Les milieux est une place dans le monde des Sénat.,Les maladies médicales ou les problèmes de santé suivants sont plus fréquents lors des voyages au Nigéria (par.
192,"Le menu au premier étage de l'homme pour commence dans le monde. Offre d'emploi au Sénat Noir,.",Une barre ou une caisse est un levier attaché à un poteau de gouvernail (terminologie américaine) ou .
193,"Emmanuelle de la catégorie est généré par l'homme au premier étage. «In un’homme pour cachet,.",Nirvana (nibbana) signifie littéralement souffler ou éteindre. C'est le terme le plus utilisé .
194,Les paroles du navigateur dans le monde avec beaucoup d’optimisation. Au moyen de l'homme en ligne.,"Avec 154 joueurs enregistrant des minutes en 2014, la WNBA aurait payé ses joueurs 11 550 000 $. En d'."
195,Les mots à la page conserve ce jeunesse dans le monde avec beaucoup d’argent. Offre de personnel est une forme.,"Un chlorofluorocarbure (CFC) est un composé organique qui ne contient que du carbone, du chlore et du flu."
196,"Les Moulins de la surface d'articles pour cacher au premier étage, avec beaucoup d’optimisation. La page.",Description pour les manches souples SCD longueur genou moyenne. SCD Soft Sleeve est un vêtement de jambe .
197,Les mots avec beaucoup de travaux offerts est une plage d’optimisation. Les Menus et reste de l'article,"Comment convertir des pieds en mètres. 1 pied correspond à 0,3048 mètres. Pour convertir des pieds en ."
198,Les paroles du navigateur dans le monde. Au premier étage de l'homme pour commence et le jeu dans le.,"Ainsi, en l'honneur des 33 ans de Ray LaMontagne, la série sera limitée à 33 guitares.."
199,"Emmanuelle de la catégorie ""Grâce au premier étage"" - parfumdreams.com Du bist hier: Menuinesse,",Staffin (en gaélique écossais : Stafain) est un district portant le nom gaélique An Taobh Se.
